SET NAMES utf8mb4;
SET FOREIGN_KEY_CHECKS=0;

INSERT IGNORE INTO `audit_log` (`id`, `modelo`, `modelo_id`, `accion`, `cambios`, `usuario_id`, `ip`, `created_at`) VALUES
(1, 'Solicitud', 10, 'created', NULL, 5, '127.0.0.1', '2026-05-25 21:10:36'),
(2, 'Solicitud', 10, 'updated', '{\"antes\":{\"status\":\"En Revisi\\u00f3n\"},\"despues\":{\"status\":\"Aprobado\"}}', 5, '127.0.0.1', '2026-05-25 21:11:06'),
(3, 'Poliza', 9, 'created', NULL, 5, '127.0.0.1', '2026-05-25 21:11:14'),
(4, 'Poliza', 9, 'updated', '{\"antes\":{\"nro_contrato\":\"TMP-6a14c902be2d8\"},\"despues\":{\"nro_contrato\":\"POL-2026-00009\"}}', 5, '127.0.0.1', '2026-05-25 21:11:14'),
(5, 'Factura', 5, 'created', NULL, 5, '127.0.0.1', '2026-05-25 21:11:14'),
(6, 'Solicitud', 10, 'updated', '{\"antes\":{\"status\":\"Aprobado\"},\"despues\":{\"status\":\"Emitida\"}}', 5, '127.0.0.1', '2026-05-25 21:11:14'),
(7, 'Producto', 10, 'created', NULL, 5, '127.0.0.1', '2026-05-25 21:21:55'),
(8, 'Solicitud', 11, 'created', NULL, 5, '127.0.0.1', '2026-05-25 21:41:15'),
(9, 'Solicitud', 11, 'updated', '{\"antes\":{\"status\":\"En Revisi\\u00f3n\"},\"despues\":{\"status\":\"Aprobado\"}}', 5, '127.0.0.1', '2026-05-25 21:41:55'),
(10, 'Poliza', 10, 'created', NULL, 5, '127.0.0.1', '2026-05-25 21:42:29'),
(11, 'Poliza', 10, 'updated', '{\"antes\":{\"nro_contrato\":\"TMP-6a14d055b9b7c\"},\"despues\":{\"nro_contrato\":\"POL-2026-00010\"}}', 5, '127.0.0.1', '2026-05-25 21:42:29'),
(12, 'Factura', 6, 'created', NULL, 5, '127.0.0.1', '2026-05-25 21:42:29'),
(13, 'Solicitud', 11, 'updated', '{\"antes\":{\"status\":\"Aprobado\"},\"despues\":{\"status\":\"Emitida\"}}', 5, '127.0.0.1', '2026-05-25 21:42:29'),
(14, 'Solicitud', 12, 'created', NULL, 5, '127.0.0.1', '2026-05-25 23:33:54'),
(15, 'Solicitud', 13, 'created', NULL, 5, '127.0.0.1', '2026-05-25 23:47:33'),
(16, 'Solicitud', 13, 'updated', '{\"antes\":{\"status\":\"En Revisi\\u00f3n\"},\"despues\":{\"status\":\"Aprobado\"}}', 5, '127.0.0.1', '2026-05-25 23:48:01'),
(17, 'Poliza', 11, 'created', NULL, 5, '127.0.0.1', '2026-05-25 23:48:17'),
(18, 'Poliza', 11, 'updated', '{\"antes\":{\"nro_contrato\":\"TMP-6a14edd1cc53b\"},\"despues\":{\"nro_contrato\":\"POL-2026-00011\"}}', 5, '127.0.0.1', '2026-05-25 23:48:17'),
(19, 'Factura', 7, 'created', NULL, 5, '127.0.0.1', '2026-05-25 23:48:17'),
(20, 'Solicitud', 13, 'updated', '{\"antes\":{\"status\":\"Aprobado\"},\"despues\":{\"status\":\"Emitida\"}}', 5, '127.0.0.1', '2026-05-25 23:48:17'),
(21, 'Solicitud', 12, 'updated', '{\"antes\":{\"status\":\"En Revisi\\u00f3n\"},\"despues\":{\"status\":\"Rechazado\"}}', 5, '127.0.0.1', '2026-05-26 00:26:29');

INSERT IGNORE INTO `cache` (`key`, `value`, `expiration`) VALUES
('5c785c036466adea360111aa28563bfd556b5fba', 'i:20;', 1779815826),
('5c785c036466adea360111aa28563bfd556b5fba:timer', 'i:1779815826;', 1779815826);

INSERT IGNORE INTO `factura` (`id`, `numero`, `sede`, `fecha_factura`, `poliza_id`, `valor`, `valor_bs`, `forma_pago`, `referencia`, `usuario_id`, `deleted_at`, `created_by`, `updated_by`) VALUES
(2, 'FAC-2026-00006', 'Valencia', '2026-05-24', 6, 938.22, 494319.41, 'Transferencia', '5844565', 5, NULL, NULL, NULL),
(3, 'FAC-2026-00007', 'Valencia', '2026-05-24', 7, 120.00, 4320.00, 'Transferencia', NULL, 5, NULL, NULL, NULL),
(4, 'FAC-2026-00008', 'Valencia', '2026-05-25', 8, 170.30, 89725.86, 'Transferencia', 'fgdfg', 5, NULL, NULL, NULL),
(5, 'FAC-2026-00009', 'Valencia', '2026-05-25', 9, 213.80, 112643.18, 'Transferencia', 'sda', 5, NULL, 5, 5),
(6, 'FAC-2026-00010', 'Valencia', '2026-05-25', 10, 12222371.64, 6439508055.94, 'Transferencia', 'sda', 5, NULL, 5, 5),
(7, 'FAC-2026-00011', 'Valencia', '2026-05-26', 11, 290.00, 152790.10, 'Transferencia', 'jlkasd', 5, NULL, 5, 5);

INSERT IGNORE INTO `indicador_economico` (`id`, `tipo`, `moneda`, `fecha`, `valor`, `fecha_registro`) VALUES
(2, 'unidad_tributaria', NULL, NULL, 9.0000, '2026-05-21 22:09:30'),
(11, 'tasa_cambio', 'USD', '2026-05-25', 526.8624, '2026-05-25 16:48:13'),
(12, 'tasa_cambio', 'EUR', '2026-05-25', 526.8604, '2026-05-25 16:48:13'),
(15, 'tasa_cambio', 'USD', '2026-05-26', 526.8604, '2026-05-26 02:11:32'),
(16, 'tasa_cambio', 'EUR', '2026-05-26', 926.8604, '2026-05-26 02:11:32');

INSERT IGNORE INTO `logs` (`id`, `usuario_id`, `accion`, `tabla`, `descripcion`, `ip`, `user_agent`, `created_at`, `updated_at`) VALUES
(1, NULL, 'login_failed', 'usuarios', 'Intento de inicio de sesi贸n fallido para el nick: admin', '127.0.0.1', NULL, '2026-05-15 22:51:59', '2026-05-15 22:51:59'),
(2, 5, 'login', 'usuarios', 'Usuario dev_admin ha iniciado sesión', '127.0.0.1', NULL, '2026-05-21 17:09:12', '2026-05-21 17:09:12'),
(3, NULL, 'login_failed', 'usuarios', 'Intento de inicio de sesión fallido para el nick: asdas', '127.0.0.1', NULL, '2026-05-21 17:11:55', '2026-05-21 17:11:55'),
(4, 5, 'login', 'usuarios', 'Usuario dev_admin ha iniciado sesión', '127.0.0.1', NULL, '2026-05-21 17:15:14', '2026-05-21 17:15:14'),
(5, NULL, 'login_failed', 'usuarios', 'Intento de inicio de sesión fallido para el nick: asdas', '127.0.0.1', NULL, '2026-05-21 19:26:00', '2026-05-21 19:26:00'),
(6, 5, 'login', 'usuarios', 'Usuario dev_admin ha iniciado sesión', '127.0.0.1', NULL, '2026-05-21 19:26:46', '2026-05-21 19:26:46'),
(7, 5, 'login', 'usuarios', 'Usuario dev_admin ha iniciado sesión', '127.0.0.1', NULL, '2026-05-21 19:29:38', '2026-05-21 19:29:38'),
(8, 5, 'login', 'usuarios', 'Usuario dev_admin ha iniciado sesión', '127.0.0.1', NULL, '2026-05-21 19:35:09', '2026-05-21 19:35:09'),
(9, 5, 'login', 'usuarios', 'Usuario dev_admin ha iniciado sesión', '127.0.0.1', NULL, '2026-05-21 20:06:33', '2026-05-21 20:06:33'),
(10, NULL, 'create', 'poliza', 'Se creó póliza POL-0001', '127.0.0.1', NULL, NULL, NULL),
(11, NULL, 'create', 'factura', 'Se generó factura F-1002', '127.0.0.1', NULL, NULL, NULL),
(12, NULL, 'login_failed', 'usuarios', 'Intento de inicio de sesión fallido para el nick: dev_admins', '127.0.0.1', NULL, '2026-05-21 20:14:47', '2026-05-21 20:14:47'),
(13, 5, 'login', 'usuarios', 'Usuario dev_admin ha iniciado sesión', '127.0.0.1', NULL, '2026-05-21 20:14:51', '2026-05-21 20:14:51'),
(14, 5, 'Cambio de Estado de Usuario', 'usuarios', 'Se desactivó al usuario admin', '127.0.0.1', NULL, '2026-05-21 20:59:24', '2026-05-21 20:59:24'),
(15, 5, 'Cambio de Estado de Usuario', 'usuarios', 'Se activó al usuario admin', '127.0.0.1', NULL, '2026-05-21 20:59:27', '2026-05-21 20:59:27'),
(16, 5, 'login', 'usuarios', 'Usuario dev_admin ha iniciado sesión', '127.0.0.1', NULL, '2026-05-21 21:02:06', '2026-05-21 21:02:06'),
(17, 5, 'Edición de Usuario', 'usuarios', 'Se actualizó el usuario vendedor1', '127.0.0.1', NULL, '2026-05-21 21:02:49', '2026-05-21 21:02:49'),
(18, 5, 'Edición de Usuario', 'usuarios', 'Se actualizó el usuario vendedor1', '127.0.0.1', NULL, '2026-05-21 21:03:53', '2026-05-21 21:03:53'),
(19, 5, 'Edición de Usuario', 'usuarios', 'Se actualizó el usuario dev_admin', '127.0.0.1', NULL, '2026-05-21 21:03:59', '2026-05-21 21:03:59'),
(20, 5, 'Edición de Usuario', 'usuarios', 'Se actualizó el usuario dev_admin', '127.0.0.1', NULL, '2026-05-21 21:04:09', '2026-05-21 21:04:09'),
(21, 5, 'Edición de Usuario', 'usuarios', 'Se actualizó el usuario admin2', '127.0.0.1', NULL, '2026-05-21 21:04:19', '2026-05-21 21:04:19'),
(22, 5, 'Edición de Usuario', 'usuarios', 'Se actualizó el usuario admin', '127.0.0.1', NULL, '2026-05-21 21:04:24', '2026-05-21 21:04:24'),
(23, 5, 'Edición de Usuario', 'usuarios', 'Se actualizó el usuario super1', '127.0.0.1', NULL, '2026-05-21 21:04:37', '2026-05-21 21:04:37'),
(24, 5, 'Edición de Usuario', 'usuarios', 'Se actualizó el usuario admin', '127.0.0.1', NULL, '2026-05-21 21:04:49', '2026-05-21 21:04:49'),
(25, 5, 'Creación de Usuario', 'usuarios', 'Se creó el usuario 123213', '127.0.0.1', NULL, '2026-05-21 21:07:54', '2026-05-21 21:07:54'),
(26, 5, 'Cambio de Estado de Usuario', 'usuarios', 'Se desactivó al usuario admin', '127.0.0.1', NULL, '2026-05-21 21:12:56', '2026-05-21 21:12:56'),
(27, 5, 'Cambio de Estado de Usuario', 'usuarios', 'Se activó al usuario admin', '127.0.0.1', NULL, '2026-05-21 21:13:02', '2026-05-21 21:13:02'),
(28, 5, 'login', 'usuarios', 'Usuario dev_admin ha iniciado sesión', '127.0.0.1', NULL, '2026-05-21 21:35:48', '2026-05-21 21:35:48'),
(29, 5, 'Creación de Usuario', 'usuarios', 'Se creó el usuario dede', '127.0.0.1', NULL, '2026-05-21 21:37:48', '2026-05-21 21:37:48'),
(30, 10, 'login', 'usuarios', 'Usuario dede ha iniciado sesión', '127.0.0.1', NULL, '2026-05-21 21:37:58', '2026-05-21 21:37:58'),
(31, 5, 'login', 'usuarios', 'Usuario dev_admin ha iniciado sesión', '127.0.0.1', NULL, '2026-05-21 21:38:41', '2026-05-21 21:38:41'),
(32, 10, 'login', 'usuarios', 'Usuario dede ha iniciado sesión', '127.0.0.1', NULL, '2026-05-21 21:39:32', '2026-05-21 21:39:32'),
(33, 5, 'login', 'usuarios', 'Usuario dev_admin ha iniciado sesión', '127.0.0.1', NULL, '2026-05-22 13:26:09', '2026-05-22 13:26:09'),
(34, 5, 'login', 'usuarios', 'Usuario dev_admin ha iniciado sesión', '127.0.0.1', NULL, '2026-05-22 14:26:50', '2026-05-22 14:26:50'),
(35, 5, 'login', 'usuarios', 'Usuario dev_admin ha iniciado sesión', '127.0.0.1', NULL, '2026-05-23 09:29:19', '2026-05-23 09:29:19'),
(36, 5, 'login', 'usuarios', 'Usuario dev_admin ha iniciado sesión', '127.0.0.1', NULL, '2026-05-23 09:39:09', '2026-05-23 09:39:09'),
(37, 10, 'login', 'usuarios', 'Usuario dede ha iniciado sesión', '127.0.0.1', NULL, '2026-05-23 10:58:08', '2026-05-23 10:58:08'),
(38, 10, 'login', 'usuarios', 'Usuario dede ha iniciado sesión', '127.0.0.1', NULL, '2026-05-23 10:58:30', '2026-05-23 10:58:30'),
(39, 5, 'login', 'usuarios', 'Usuario dev_admin ha iniciado sesión', '127.0.0.1', NULL, '2026-05-23 10:58:37', '2026-05-23 10:58:37'),
(40, 5, 'login', 'usuarios', 'Usuario dev_admin ha iniciado sesión', '127.0.0.1', NULL, '2026-05-23 11:38:16', '2026-05-23 11:38:16'),
(41, 5, 'login', 'usuarios', 'Usuario dev_admin ha iniciado sesión', '127.0.0.1', NULL, '2026-05-23 11:38:52', '2026-05-23 11:38:52'),
(42, 5, 'login', 'usuarios', 'Usuario dev_admin ha iniciado sesión', '127.0.0.1', NULL, '2026-05-23 12:08:56', '2026-05-23 12:08:56'),
(43, 5, 'login', 'usuarios', 'Usuario dev_admin ha iniciado sesión', '127.0.0.1', NULL, '2026-05-23 12:12:08', '2026-05-23 12:12:08'),
(44, 5, 'login', 'usuarios', 'Usuario dev_admin ha iniciado sesión', '127.0.0.1', NULL, '2026-05-23 12:21:15', '2026-05-23 12:21:15'),
(45, 5, 'login', 'usuarios', 'Usuario dev_admin ha iniciado sesión', '127.0.0.1', NULL, '2026-05-23 12:21:55', '2026-05-23 12:21:55'),
(46, 5, 'Edición de Usuario', 'usuarios', 'Se actualizó el usuario dev_admin', '127.0.0.1', NULL, '2026-05-23 12:26:55', '2026-05-23 12:26:55'),
(47, 5, 'login', 'usuarios', 'Usuario dev_admin ha iniciado sesión', '127.0.0.1', NULL, '2026-05-23 12:27:02', '2026-05-23 12:27:02'),
(48, 5, 'Edición de Usuario', 'usuarios', 'Se actualizó el usuario dev_admin', '127.0.0.1', NULL, '2026-05-23 12:27:19', '2026-05-23 12:27:19'),
(49, 5, 'login', 'usuarios', 'Usuario dev_admin ha iniciado sesión', '127.0.0.1', NULL, '2026-05-23 12:31:06', '2026-05-23 12:31:06'),
(50, 5, 'Edición de Usuario', 'usuarios', 'Se actualizó el usuario dev_admin', '127.0.0.1', NULL, '2026-05-23 12:31:16', '2026-05-23 12:31:16'),
(51, 5, 'login', 'usuarios', 'Usuario dev_admin ha iniciado sesión', '127.0.0.1', NULL, '2026-05-23 12:31:26', '2026-05-23 12:31:26'),
(52, 5, 'Edición de Usuario', 'usuarios', 'Se actualizó el usuario dev_admin', '127.0.0.1', NULL, '2026-05-23 12:31:33', '2026-05-23 12:31:33'),
(53, 5, 'login', 'usuarios', 'Usuario dev_admin ha iniciado sesión', '127.0.0.1', NULL, '2026-05-23 12:32:42', '2026-05-23 12:32:42'),
(54, 5, 'login', 'usuarios', 'Usuario dev_admin ha iniciado sesión', '127.0.0.1', NULL, '2026-05-23 12:42:33', '2026-05-23 12:42:33'),
(55, 5, 'Edición de Usuario', 'usuarios', 'Se actualizó el usuario dev_admin', '127.0.0.1', NULL, '2026-05-23 12:42:44', '2026-05-23 12:42:44'),
(56, 5, 'login', 'usuarios', 'Usuario dev_admin ha iniciado sesión', '127.0.0.1', NULL, '2026-05-23 12:45:52', '2026-05-23 12:45:52'),
(57, 5, 'Edición de Usuario', 'usuarios', 'Se actualizó el usuario dev_admin', '127.0.0.1', NULL, '2026-05-23 12:46:04', '2026-05-23 12:46:04'),
(58, 5, 'login', 'usuarios', 'Usuario dev_admin ha iniciado sesión', '127.0.0.1', NULL, '2026-05-23 13:03:47', '2026-05-23 13:03:47'),
(59, 5, 'login', 'usuarios', 'Usuario dev_admin ha iniciado sesión', '127.0.0.1', NULL, '2026-05-23 13:04:09', '2026-05-23 13:04:09'),
(60, 5, 'login', 'usuarios', 'Usuario dev_admin ha iniciado sesión', '127.0.0.1', NULL, '2026-05-23 13:05:59', '2026-05-23 13:05:59'),
(61, 5, 'login', 'usuarios', 'Usuario dev_admin ha iniciado sesión', '127.0.0.1', NULL, '2026-05-23 13:45:19', '2026-05-23 13:45:19'),
(62, 5, 'Edición de Usuario', 'usuarios', 'Se actualizó el usuario dev_admin', '127.0.0.1', NULL, '2026-05-23 13:51:33', '2026-05-23 13:51:33'),
(63, 5, 'login', 'usuarios', 'Usuario dev_admin ha iniciado sesión', '127.0.0.1', NULL, '2026-05-23 13:51:48', '2026-05-23 13:51:48'),
(64, 10, 'login', 'usuarios', 'Inicio de sesión exitoso — ID: 10', '127.0.0.1', NULL, '2026-05-23 14:58:26', '2026-05-23 14:58:26'),
(65, 5, 'login', 'usuarios', 'Inicio de sesión exitoso — ID: 5', '127.0.0.1', NULL, '2026-05-23 14:58:57', '2026-05-23 14:58:57'),
(66, 10, 'login', 'usuarios', 'Inicio de sesión exitoso — ID: 10', '127.0.0.1', NULL, '2026-05-23 15:17:50', '2026-05-23 15:17:50'),
(67, 5, 'login', 'usuarios', 'Inicio de sesión exitoso — ID: 5', '127.0.0.1', NULL, '2026-05-23 15:18:20', '2026-05-23 15:18:20'),
(68, 5, 'Edición de Usuario', 'usuarios', 'Se actualizó el usuario dede', '127.0.0.1', NULL, '2026-05-23 15:18:44', '2026-05-23 15:18:44'),
(69, 10, 'login', 'usuarios', 'Inicio de sesión exitoso — ID: 10', '127.0.0.1', NULL, '2026-05-23 15:18:51', '2026-05-23 15:18:51'),
(70, 5, 'login', 'usuarios', 'Inicio de sesión exitoso — ID: 5', '127.0.0.1', NULL, '2026-05-23 15:19:19', '2026-05-23 15:19:19'),
(71, 5, 'Cambio de Estado de Usuario', 'usuarios', 'Se desactivó al usuario 123213', '127.0.0.1', NULL, '2026-05-23 15:21:39', '2026-05-23 15:21:39'),
(72, 5, 'Cambio de Estado de Usuario', 'usuarios', 'Se activó al usuario 123213', '127.0.0.1', NULL, '2026-05-23 15:21:44', '2026-05-23 15:21:44'),
(73, 5, 'Edición de Usuario', 'usuarios', 'Se actualizó el usuario dev_admin', '127.0.0.1', NULL, '2026-05-23 16:37:30', '2026-05-23 16:37:30'),
(74, 5, 'login', 'usuarios', 'Inicio de sesión exitoso — ID: 5', '127.0.0.1', 'Mozilla/5.0 (X11; Linux x86_64) AppleWebKit/537.36 (KHTML, like Gecko) Chrome/148.0.0.0 Safari/537.36', '2026-05-23 22:10:05', '2026-05-23 22:10:05'),
(75, 5, 'Cotización Creada', 'solicitud', 'Cotización #3 para placa 456EERRG', '127.0.0.1', 'Mozilla/5.0 (X11; Linux x86_64) AppleWebKit/537.36 (KHTML, like Gecko) Chrome/148.0.0.0 Safari/537.36', '2026-05-23 22:11:27', '2026-05-23 22:11:27'),
(76, 5, 'Cotización Actualizada', 'solicitud', 'Cotización #3 → Aprobado', '127.0.0.1', 'Mozilla/5.0 (X11; Linux x86_64) AppleWebKit/537.36 (KHTML, like Gecko) Chrome/148.0.0.0 Safari/537.36', '2026-05-23 22:11:44', '2026-05-23 22:11:44'),
(77, 5, 'Cotización Actualizada', 'solicitud', 'Cotización #2 → Rechazado', '127.0.0.1', 'Mozilla/5.0 (X11; Linux x86_64) AppleWebKit/537.36 (KHTML, like Gecko) Chrome/148.0.0.0 Safari/537.36', '2026-05-23 22:11:45', '2026-05-23 22:11:45'),
(78, 5, 'Cotización Actualizada', 'solicitud', 'Cotización #3 → Emitida', '127.0.0.1', 'Mozilla/5.0 (X11; Linux x86_64) AppleWebKit/537.36 (KHTML, like Gecko) Chrome/148.0.0.0 Safari/537.36', '2026-05-23 22:11:46', '2026-05-23 22:11:46'),
(79, 5, 'Cotización Actualizada', 'solicitud', 'Cotización #1 → Aprobado', '127.0.0.1', 'Mozilla/5.0 (X11; Linux x86_64) AppleWebKit/537.36 (KHTML, like Gecko) Chrome/148.0.0.0 Safari/537.36', '2026-05-23 22:11:51', '2026-05-23 22:11:51'),
(80, 5, 'Cotización Actualizada', 'solicitud', 'Cotización #1 → Emitida', '127.0.0.1', 'Mozilla/5.0 (X11; Linux x86_64) AppleWebKit/537.36 (KHTML, like Gecko) Chrome/148.0.0.0 Safari/537.36', '2026-05-23 22:11:59', '2026-05-23 22:11:59'),
(81, 5, 'Cambio de Estado de Usuario', 'usuarios', 'Se desactivó al usuario admin', '127.0.0.1', 'Mozilla/5.0 (X11; Linux x86_64) AppleWebKit/537.36 (KHTML, like Gecko) Chrome/148.0.0.0 Safari/537.36', '2026-05-23 22:15:32', '2026-05-23 22:15:32'),
(82, NULL, 'login_blocked', 'usuarios', 'IP bloqueada por bloqueo de cuenta intentó acceder: 127.0.0.1', '127.0.0.1', 'Mozilla/5.0 (X11; Linux x86_64) AppleWebKit/537.36 (KHTML, like Gecko) Chrome/148.0.0.0 Safari/537.36', '2026-05-23 22:15:51', '2026-05-23 22:15:51'),
(83, 5, 'login', 'usuarios', 'Inicio de sesión exitoso — ID: 5', '127.0.0.1', 'Mozilla/5.0 (X11; Linux x86_64) AppleWebKit/537.36 (KHTML, like Gecko) Chrome/148.0.0.0 Safari/537.36', '2026-05-23 22:16:12', '2026-05-23 22:16:12'),
(84, 5, 'Cambio de Estado de Usuario', 'usuarios', 'Se activó al usuario admin', '127.0.0.1', 'Mozilla/5.0 (X11; Linux x86_64) AppleWebKit/537.36 (KHTML, like Gecko) Chrome/148.0.0.0 Safari/537.36', '2026-05-23 22:16:23', '2026-05-23 22:16:23'),
(85, 5, 'Cotización Actualizada', 'solicitud', 'Cotización #3 → Aprobado', '127.0.0.1', 'Mozilla/5.0 (X11; Linux x86_64) AppleWebKit/537.36 (KHTML, like Gecko) Chrome/148.0.0.0 Safari/537.36', '2026-05-23 23:27:03', '2026-05-23 23:27:03'),
(86, 5, 'Póliza Emitida', 'poliza', 'Póliza POL-2026-00006 emitida para cotización #3', '127.0.0.1', 'Mozilla/5.0 (X11; Linux x86_64) AppleWebKit/537.36 (KHTML, like Gecko) Chrome/148.0.0.0 Safari/537.36', '2026-05-23 23:27:14', '2026-05-23 23:27:14'),
(87, 5, 'Cotización Actualizada', 'solicitud', 'Cotización #2 → Rechazado', '127.0.0.1', 'Mozilla/5.0 (X11; Linux x86_64) AppleWebKit/537.36 (KHTML, like Gecko) Chrome/148.0.0.0 Safari/537.36', '2026-05-24 00:03:02', '2026-05-24 00:03:02'),
(88, 5, 'Cotización Actualizada', 'solicitud', 'Cotización #1 → Aprobado', '127.0.0.1', 'Mozilla/5.0 (X11; Linux x86_64) AppleWebKit/537.36 (KHTML, like Gecko) Chrome/148.0.0.0 Safari/537.36', '2026-05-24 00:03:04', '2026-05-24 00:03:04'),
(89, 5, 'login', 'usuarios', 'Inicio de sesión exitoso — ID: 5', '127.0.0.1', 'Mozilla/5.0 (X11; Linux x86_64) AppleWebKit/537.36 (KHTML, like Gecko) Chrome/148.0.0.0 Safari/537.36', '2026-05-24 00:21:41', '2026-05-24 00:21:41'),
(90, 5, 'Cambio de Estado de Usuario', 'usuarios', 'Se desactivó al usuario admin2', '127.0.0.1', 'Mozilla/5.0 (X11; Linux x86_64) AppleWebKit/537.36 (KHTML, like Gecko) Chrome/148.0.0.0 Safari/537.36', '2026-05-24 00:22:49', '2026-05-24 00:22:49'),
(91, 5, 'Cambio de Estado de Usuario', 'usuarios', 'Se activó al usuario admin2', '127.0.0.1', 'Mozilla/5.0 (X11; Linux x86_64) AppleWebKit/537.36 (KHTML, like Gecko) Chrome/148.0.0.0 Safari/537.36', '2026-05-24 00:22:54', '2026-05-24 00:22:54'),
(92, 5, 'Cotización Creada', 'solicitud', 'Cotización #4 para placa J55EEF', '127.0.0.1', 'Mozilla/5.0 (X11; Linux x86_64) AppleWebKit/537.36 (KHTML, like Gecko) Chrome/148.0.0.0 Safari/537.36', '2026-05-24 00:25:37', '2026-05-24 00:25:37'),
(93, 5, 'Cotización Actualizada', 'solicitud', 'Cotización #4 → Rechazado', '127.0.0.1', 'Mozilla/5.0 (X11; Linux x86_64) AppleWebKit/537.36 (KHTML, like Gecko) Chrome/148.0.0.0 Safari/537.36', '2026-05-24 00:25:45', '2026-05-24 00:25:45'),
(94, 10, 'login', 'usuarios', 'Inicio de sesión exitoso — ID: 10', '127.0.0.1', 'Mozilla/5.0 (X11; Linux x86_64) AppleWebKit/537.36 (KHTML, like Gecko) Chrome/148.0.0.0 Safari/537.36', '2026-05-24 00:26:00', '2026-05-24 00:26:00'),
(95, 5, 'login', 'usuarios', 'Inicio de sesión exitoso — ID: 5', '127.0.0.1', 'Mozilla/5.0 (X11; Linux x86_64) AppleWebKit/537.36 (KHTML, like Gecko) Chrome/148.0.0.0 Safari/537.36', '2026-05-24 00:26:21', '2026-05-24 00:26:21'),
(96, 5, 'Edición de Usuario', 'usuarios', 'Se actualizó el usuario dede', '127.0.0.1', 'Mozilla/5.0 (X11; Linux x86_64) AppleWebKit/537.36 (KHTML, like Gecko) Chrome/148.0.0.0 Safari/537.36', '2026-05-24 00:26:38', '2026-05-24 00:26:38'),
(97, 10, 'login', 'usuarios', 'Inicio de sesión exitoso — ID: 10', '127.0.0.1', 'Mozilla/5.0 (X11; Linux x86_64) AppleWebKit/537.36 (KHTML, like Gecko) Chrome/148.0.0.0 Safari/537.36', '2026-05-24 00:26:43', '2026-05-24 00:26:43'),
(98, NULL, 'login_failed', 'usuarios', 'Credenciales inválidas desde IP: 127.0.0.1', '127.0.0.1', 'Mozilla/5.0 (X11; Linux x86_64) AppleWebKit/537.36 (KHTML, like Gecko) Chrome/148.0.0.0 Safari/537.36', '2026-05-24 00:27:47', '2026-05-24 00:27:47'),
(99, 5, 'login', 'usuarios', 'Inicio de sesión exitoso — ID: 5', '127.0.0.1', 'Mozilla/5.0 (X11; Linux x86_64) AppleWebKit/537.36 (KHTML, like Gecko) Chrome/148.0.0.0 Safari/537.36', '2026-05-24 00:28:03', '2026-05-24 00:28:03'),
(100, NULL, 'login_failed', 'usuarios', 'Credenciales inválidas desde IP: 127.0.0.1', '127.0.0.1', 'Mozilla/5.0 (X11; Linux x86_64) AppleWebKit/537.36 (KHTML, like Gecko) Chrome/148.0.0.0 Safari/537.36', '2026-05-24 00:28:42', '2026-05-24 00:28:42'),
(101, NULL, 'login_failed', 'usuarios', 'Credenciales inválidas desde IP: 127.0.0.1', '127.0.0.1', 'Mozilla/5.0 (X11; Linux x86_64) AppleWebKit/537.36 (KHTML, like Gecko) Chrome/148.0.0.0 Safari/537.36', '2026-05-24 00:28:45', '2026-05-24 00:28:45'),
(102, NULL, 'login_failed', 'usuarios', 'Credenciales inválidas desde IP: 127.0.0.1', '127.0.0.1', 'Mozilla/5.0 (X11; Linux x86_64) AppleWebKit/537.36 (KHTML, like Gecko) Chrome/148.0.0.0 Safari/537.36', '2026-05-24 00:28:47', '2026-05-24 00:28:47'),
(103, NULL, 'login_failed', 'usuarios', 'Credenciales inválidas desde IP: 127.0.0.1', '127.0.0.1', 'Mozilla/5.0 (X11; Linux x86_64) AppleWebKit/537.36 (KHTML, like Gecko) Chrome/148.0.0.0 Safari/537.36', '2026-05-24 00:28:50', '2026-05-24 00:28:50'),
(104, NULL, 'login_failed', 'usuarios', 'Credenciales inválidas desde IP: 127.0.0.1', '127.0.0.1', 'Mozilla/5.0 (X11; Linux x86_64) AppleWebKit/537.36 (KHTML, like Gecko) Chrome/148.0.0.0 Safari/537.36', '2026-05-24 00:28:53', '2026-05-24 00:28:53'),
(105, NULL, 'login_failed', 'usuarios', 'Credenciales inválidas desde IP: 127.0.0.1', '127.0.0.1', 'Mozilla/5.0 (X11; Linux x86_64) AppleWebKit/537.36 (KHTML, like Gecko) Chrome/148.0.0.0 Safari/537.36', '2026-05-24 00:28:56', '2026-05-24 00:28:56'),
(106, 10, 'login', 'usuarios', 'Inicio de sesión exitoso — ID: 10', '127.0.0.1', 'Mozilla/5.0 (X11; Linux x86_64) AppleWebKit/537.36 (KHTML, like Gecko) Chrome/148.0.0.0 Safari/537.36', '2026-05-24 00:29:02', '2026-05-24 00:29:02'),
(107, 5, 'login', 'usuarios', 'Inicio de sesión exitoso — ID: 5', '127.0.0.1', 'Mozilla/5.0 (X11; Linux x86_64) AppleWebKit/537.36 (KHTML, like Gecko) Chrome/148.0.0.0 Safari/537.36', '2026-05-24 00:29:09', '2026-05-24 00:29:09'),
(108, 5, 'Cambio de Estado de Usuario', 'usuarios', 'Se desactivó al usuario admin', '127.0.0.1', 'Mozilla/5.0 (X11; Linux x86_64) AppleWebKit/537.36 (KHTML, like Gecko) Chrome/148.0.0.0 Safari/537.36', '2026-05-24 00:29:45', '2026-05-24 00:29:45'),
(109, NULL, 'login_blocked', 'usuarios', 'IP bloqueada por bloqueo de cuenta intentó acceder: 127.0.0.1', '127.0.0.1', 'Mozilla/5.0 (X11; Linux x86_64) AppleWebKit/537.36 (KHTML, like Gecko) Chrome/148.0.0.0 Safari/537.36', '2026-05-24 00:30:24', '2026-05-24 00:30:24'),
(110, 5, 'login', 'usuarios', 'Inicio de sesión exitoso — ID: 5', '127.0.0.1', 'Mozilla/5.0 (X11; Linux x86_64) AppleWebKit/537.36 (KHTML, like Gecko) Chrome/148.0.0.0 Safari/537.36', '2026-05-24 00:30:32', '2026-05-24 00:30:32'),
(111, 5, 'Cambio de Estado de Usuario', 'usuarios', 'Se activó al usuario admin', '127.0.0.1', 'Mozilla/5.0 (X11; Linux x86_64) AppleWebKit/537.36 (KHTML, like Gecko) Chrome/148.0.0.0 Safari/537.36', '2026-05-24 00:30:36', '2026-05-24 00:30:36'),
(112, 5, 'login', 'usuarios', 'Inicio de sesión exitoso — ID: 5', '127.0.0.1', 'Mozilla/5.0 (X11; Linux x86_64) AppleWebKit/537.36 (KHTML, like Gecko) Chrome/148.0.0.0 Safari/537.36', '2026-05-24 12:04:21', '2026-05-24 12:04:21'),
(113, 5, 'Cambio de Estado de Usuario', 'usuarios', 'Se desactivó al usuario admin', '127.0.0.1', 'Mozilla/5.0 (X11; Linux x86_64) AppleWebKit/537.36 (KHTML, like Gecko) Chrome/148.0.0.0 Safari/537.36', '2026-05-24 13:26:07', '2026-05-24 13:26:07'),
(114, 5, 'Cambio de Estado de Usuario', 'usuarios', 'Se activó al usuario admin', '127.0.0.1', 'Mozilla/5.0 (X11; Linux x86_64) AppleWebKit/537.36 (KHTML, like Gecko) Chrome/148.0.0.0 Safari/537.36', '2026-05-24 13:26:36', '2026-05-24 13:26:36'),
(115, 5, 'login', 'usuarios', 'Inicio de sesión exitoso — ID: 5', '127.0.0.1', 'Mozilla/5.0 (X11; Linux x86_64) AppleWebKit/537.36 (KHTML, like Gecko) Chrome/148.0.0.0 Safari/537.36', '2026-05-24 22:43:09', '2026-05-24 22:43:09'),
(116, 5, 'login', 'usuarios', 'Inicio de sesión exitoso — ID: 5', '127.0.0.1', 'Mozilla/5.0 (X11; Linux x86_64) AppleWebKit/537.36 (KHTML, like Gecko) Chrome/148.0.0.0 Safari/537.36', '2026-05-24 22:51:13', '2026-05-24 22:51:13'),
(117, 5, 'Cotización Creada', 'solicitud', 'Cotización #5 para placa 3ASDS3', '127.0.0.1', 'Mozilla/5.0 (X11; Linux x86_64) AppleWebKit/537.36 (KHTML, like Gecko) Chrome/148.0.0.0 Safari/537.36', '2026-05-24 22:53:36', '2026-05-24 22:53:36'),
(118, 5, 'Póliza Emitida', 'poliza', 'Póliza POL-2026-00007 emitida para cotización #1', '127.0.0.1', 'Mozilla/5.0 (X11; Linux x86_64) AppleWebKit/537.36 (KHTML, like Gecko) Chrome/148.0.0.0 Safari/537.36', '2026-05-24 22:58:41', '2026-05-24 22:58:41'),
(119, 5, 'Cotización Creada', 'solicitud', 'Cotización #6 para placa ASDS22', '127.0.0.1', 'Mozilla/5.0 (X11; Linux x86_64) AppleWebKit/537.36 (KHTML, like Gecko) Chrome/148.0.0.0 Safari/537.36', '2026-05-24 23:01:54', '2026-05-24 23:01:54'),
(120, 5, 'Cotización Actualizada', 'solicitud', 'Cotización #5 → Rechazado', '127.0.0.1', 'Mozilla/5.0 (X11; Linux x86_64) AppleWebKit/537.36 (KHTML, like Gecko) Chrome/148.0.0.0 Safari/537.36', '2026-05-24 23:02:06', '2026-05-24 23:02:06'),
(121, 5, 'Cotización Actualizada', 'solicitud', 'Cotización #6 → Rechazado', '127.0.0.1', 'Mozilla/5.0 (X11; Linux x86_64) AppleWebKit/537.36 (KHTML, like Gecko) Chrome/148.0.0.0 Safari/537.36', '2026-05-24 23:02:24', '2026-05-24 23:02:24'),
(122, 5, 'login', 'usuarios', 'Inicio de sesión exitoso — ID: 5', '127.0.0.1', 'Mozilla/5.0 (X11; Linux x86_64) AppleWebKit/537.36 (KHTML, like Gecko) Chrome/148.0.0.0 Safari/537.36', '2026-05-25 14:09:01', '2026-05-25 14:09:01'),
(123, NULL, 'login_failed', 'usuarios', 'Credenciales inválidas desde IP: 127.0.0.1 — Intento /3', '127.0.0.1', 'Mozilla/5.0 (X11; Linux x86_64) AppleWebKit/537.36 (KHTML, like Gecko) Chrome/148.0.0.0 Safari/537.36', '2026-05-25 14:33:28', '2026-05-25 14:33:28'),
(124, 5, 'login', 'usuarios', 'Inicio de sesión exitoso — ID: 5', '127.0.0.1', 'Mozilla/5.0 (X11; Linux x86_64) AppleWebKit/537.36 (KHTML, like Gecko) Chrome/148.0.0.0 Safari/537.36', '2026-05-25 14:33:36', '2026-05-25 14:33:36'),
(125, 5, 'login', 'usuarios', 'Inicio de sesión exitoso — ID: 5', '127.0.0.1', 'Mozilla/5.0 (X11; Linux x86_64) AppleWebKit/537.36 (KHTML, like Gecko) Chrome/148.0.0.0 Safari/537.36', '2026-05-25 14:34:10', '2026-05-25 14:34:10'),
(126, 10, 'login', 'usuarios', 'Inicio de sesión exitoso — ID: 10', '127.0.0.1', 'Mozilla/5.0 (X11; Linux x86_64) AppleWebKit/537.36 (KHTML, like Gecko) Chrome/148.0.0.0 Safari/537.36', '2026-05-25 14:37:16', '2026-05-25 14:37:16'),
(127, 5, 'login', 'usuarios', 'Inicio de sesión exitoso — ID: 5', '127.0.0.1', 'Mozilla/5.0 (X11; Linux x86_64) AppleWebKit/537.36 (KHTML, like Gecko) Chrome/148.0.0.0 Safari/537.36', '2026-05-25 14:37:32', '2026-05-25 14:37:32'),
(128, 10, 'login', 'usuarios', 'Inicio de sesión exitoso — ID: 10', '127.0.0.1', 'Mozilla/5.0 (X11; Linux x86_64) AppleWebKit/537.36 (KHTML, like Gecko) Chrome/148.0.0.0 Safari/537.36', '2026-05-25 14:38:09', '2026-05-25 14:38:09'),
(129, 5, 'login', 'usuarios', 'Inicio de sesión exitoso — ID: 5', '127.0.0.1', 'Mozilla/5.0 (X11; Linux x86_64) AppleWebKit/537.36 (KHTML, like Gecko) Chrome/148.0.0.0 Safari/537.36', '2026-05-25 14:38:28', '2026-05-25 14:38:28'),
(130, 5, 'Cotización Creada', 'solicitud', 'Cotización #7 para placa DFG445S', '127.0.0.1', 'Mozilla/5.0 (X11; Linux x86_64) AppleWebKit/537.36 (KHTML, like Gecko) Chrome/148.0.0.0 Safari/537.36', '2026-05-25 14:43:44', '2026-05-25 14:43:44'),
(131, 5, 'Cotización Actualizada', 'solicitud', 'Cotización #7 → Aprobado', '127.0.0.1', 'Mozilla/5.0 (X11; Linux x86_64) AppleWebKit/537.36 (KHTML, like Gecko) Chrome/148.0.0.0 Safari/537.36', '2026-05-25 14:43:52', '2026-05-25 14:43:52'),
(132, 5, 'Póliza Emitida', 'poliza', 'Póliza POL-2026-00008 emitida para cotización #7', '127.0.0.1', 'Mozilla/5.0 (X11; Linux x86_64) AppleWebKit/537.36 (KHTML, like Gecko) Chrome/148.0.0.0 Safari/537.36', '2026-05-25 14:44:11', '2026-05-25 14:44:11'),
(133, 5, 'Edición de Usuario', 'usuarios', 'Se actualizó el usuario dede', '127.0.0.1', 'Mozilla/5.0 (X11; Linux x86_64) AppleWebKit/537.36 (KHTML, like Gecko) Chrome/148.0.0.0 Safari/537.36', '2026-05-25 18:51:05', '2026-05-25 18:51:05'),
(134, 10, 'login', 'usuarios', 'Inicio de sesión exitoso — ID: 10', '127.0.0.1', 'Mozilla/5.0 (X11; Linux x86_64) AppleWebKit/537.36 (KHTML, like Gecko) Chrome/148.0.0.0 Safari/537.36', '2026-05-25 18:51:12', '2026-05-25 18:51:12'),
(135, 5, 'login', 'usuarios', 'Inicio de sesión exitoso — ID: 5', '127.0.0.1', 'Mozilla/5.0 (X11; Linux x86_64) AppleWebKit/537.36 (KHTML, like Gecko) Chrome/148.0.0.0 Safari/537.36', '2026-05-25 19:13:29', '2026-05-25 19:13:29'),
(136, 5, 'Cotización Creada', 'solicitud', 'Cotización #8 para placa ', '127.0.0.1', 'Mozilla/5.0 (X11; Linux x86_64) AppleWebKit/537.36 (KHTML, like Gecko) Chrome/148.0.0.0 Safari/537.36', '2026-05-25 19:16:56', '2026-05-25 19:16:56'),
(137, 5, 'Cotización Actualizada', 'solicitud', 'Cotización #8 → Aprobado', '127.0.0.1', 'Mozilla/5.0 (X11; Linux x86_64) AppleWebKit/537.36 (KHTML, like Gecko) Chrome/148.0.0.0 Safari/537.36', '2026-05-25 19:17:02', '2026-05-25 19:17:02'),
(138, 5, 'Cotización Creada', 'solicitud', 'Cotización #9 para placa ASDASD3', '127.0.0.1', 'Mozilla/5.0 (X11; Linux x86_64) AppleWebKit/537.36 (KHTML, like Gecko) Chrome/148.0.0.0 Safari/537.36', '2026-05-25 19:18:02', '2026-05-25 19:18:02'),
(139, 5, 'Cotización Actualizada', 'solicitud', 'Cotización #9 → Rechazado', '127.0.0.1', 'Mozilla/5.0 (X11; Linux x86_64) AppleWebKit/537.36 (KHTML, like Gecko) Chrome/148.0.0.0 Safari/537.36', '2026-05-25 19:18:08', '2026-05-25 19:18:08'),
(140, 5, 'Cotización Creada', 'solicitud', 'Cotización #10 — cliente #3', '127.0.0.1', 'Mozilla/5.0 (X11; Linux x86_64) AppleWebKit/537.36 (KHTML, like Gecko) Chrome/148.0.0.0 Safari/537.36', '2026-05-25 21:10:36', '2026-05-25 21:10:36'),
(141, 5, 'Cotización Actualizada', 'solicitud', 'Cotización #10 → Aprobado', '127.0.0.1', 'Mozilla/5.0 (X11; Linux x86_64) AppleWebKit/537.36 (KHTML, like Gecko) Chrome/148.0.0.0 Safari/537.36', '2026-05-25 21:11:06', '2026-05-25 21:11:06'),
(142, 5, 'Póliza Emitida', 'poliza', 'Póliza POL-2026-00009 emitida para cotización #10', '127.0.0.1', 'Mozilla/5.0 (X11; Linux x86_64) AppleWebKit/537.36 (KHTML, like Gecko) Chrome/148.0.0.0 Safari/537.36', '2026-05-25 21:11:14', '2026-05-25 21:11:14'),
(143, 5, 'Tarifario Creado', 'tarifario', 'Tarifa #13 — ORO', '127.0.0.1', 'Mozilla/5.0 (X11; Linux x86_64) AppleWebKit/537.36 (KHTML, like Gecko) Chrome/148.0.0.0 Safari/537.36', '2026-05-25 21:39:11', '2026-05-25 21:39:11'),
(144, 5, 'Tarifario Creado', 'tarifario', 'Tarifa #14 — plata', '127.0.0.1', 'Mozilla/5.0 (X11; Linux x86_64) AppleWebKit/537.36 (KHTML, like Gecko) Chrome/148.0.0.0 Safari/537.36', '2026-05-25 21:40:00', '2026-05-25 21:40:00'),
(145, 5, 'Tarifario Versionado', 'tarifario', 'Tarifa #14 archivada → nueva versión #15 (v2)', '127.0.0.1', 'Mozilla/5.0 (X11; Linux x86_64) AppleWebKit/537.36 (KHTML, like Gecko) Chrome/148.0.0.0 Safari/537.36', '2026-05-25 21:40:38', '2026-05-25 21:40:38'),
(146, 5, 'Cotización Creada', 'solicitud', 'Cotización #11 — cliente #3', '127.0.0.1', 'Mozilla/5.0 (X11; Linux x86_64) AppleWebKit/537.36 (KHTML, like Gecko) Chrome/148.0.0.0 Safari/537.36', '2026-05-25 21:41:15', '2026-05-25 21:41:15'),
(147, 5, 'Underwriting Creado', 'underwriting', 'Evaluación #1 — solicitud #11 → aprobado', '127.0.0.1', 'Mozilla/5.0 (X11; Linux x86_64) AppleWebKit/537.36 (KHTML, like Gecko) Chrome/148.0.0.0 Safari/537.36', '2026-05-25 21:41:55', '2026-05-25 21:41:55'),
(148, 5, 'Póliza Emitida', 'poliza', 'Póliza POL-2026-00010 emitida para cotización #11', '127.0.0.1', 'Mozilla/5.0 (X11; Linux x86_64) AppleWebKit/537.36 (KHTML, like Gecko) Chrome/148.0.0.0 Safari/537.36', '2026-05-25 21:42:29', '2026-05-25 21:42:29'),
(149, 5, 'login', 'usuarios', 'Inicio de sesión exitoso — ID: 5', '127.0.0.1', 'Mozilla/5.0 (X11; Linux x86_64) AppleWebKit/537.36 (KHTML, like Gecko) Chrome/148.0.0.0 Safari/537.36', '2026-05-25 23:29:28', '2026-05-25 23:29:28'),
(150, 5, 'Cotización Creada', 'solicitud', 'Cotización #12 — cliente #1', '127.0.0.1', 'Mozilla/5.0 (X11; Linux x86_64) AppleWebKit/537.36 (KHTML, like Gecko) Chrome/148.0.0.0 Safari/537.36', '2026-05-25 23:33:54', '2026-05-25 23:33:54'),
(151, 5, 'login', 'usuarios', 'Inicio de sesión exitoso — ID: 5', '127.0.0.1', 'Mozilla/5.0 (X11; Linux x86_64) AppleWebKit/537.36 (KHTML, like Gecko) Chrome/148.0.0.0 Safari/537.36', '2026-05-25 23:44:56', '2026-05-25 23:44:56'),
(152, 5, 'Cotización Creada', 'solicitud', 'Cotización #13 — MF65HG', '127.0.0.1', 'Mozilla/5.0 (X11; Linux x86_64) AppleWebKit/537.36 (KHTML, like Gecko) Chrome/148.0.0.0 Safari/537.36', '2026-05-25 23:47:33', '2026-05-25 23:47:33'),
(153, 5, 'Underwriting Creado', 'underwriting', 'Evaluación #2 — solicitud #13 → aprobado', '127.0.0.1', 'Mozilla/5.0 (X11; Linux x86_64) AppleWebKit/537.36 (KHTML, like Gecko) Chrome/148.0.0.0 Safari/537.36', '2026-05-25 23:48:01', '2026-05-25 23:48:01'),
(154, 5, 'Póliza Emitida', 'poliza', 'Póliza POL-2026-00011 emitida para cotización #13', '127.0.0.1', 'Mozilla/5.0 (X11; Linux x86_64) AppleWebKit/537.36 (KHTML, like Gecko) Chrome/148.0.0.0 Safari/537.36', '2026-05-25 23:48:17', '2026-05-25 23:48:17'),
(155, NULL, 'login_failed', 'usuarios', 'Credenciales inválidas desde IP: 127.0.0.1 — Intento /3', '127.0.0.1', 'Mozilla/5.0 (X11; Linux x86_64) AppleWebKit/537.36 (KHTML, like Gecko) Chrome/148.0.0.0 Safari/537.36', '2026-05-26 00:14:58', '2026-05-26 00:14:58'),
(156, 5, 'login', 'usuarios', 'Inicio de sesión exitoso — ID: 5', '127.0.0.1', 'Mozilla/5.0 (X11; Linux x86_64) AppleWebKit/537.36 (KHTML, like Gecko) Chrome/148.0.0.0 Safari/537.36', '2026-05-26 00:15:31', '2026-05-26 00:15:31'),
(157, 5, 'Cambio de Estado de Usuario', 'usuarios', 'Se desactivó al usuario admin', '127.0.0.1', 'Mozilla/5.0 (X11; Linux x86_64) AppleWebKit/537.36 (KHTML, like Gecko) Chrome/148.0.0.0 Safari/537.36', '2026-05-26 00:15:52', '2026-05-26 00:15:52'),
(158, NULL, 'login_blocked', 'usuarios', 'IP bloqueada intentó acceder: 127.0.0.1', '127.0.0.1', 'Mozilla/5.0 (X11; Linux x86_64) AppleWebKit/537.36 (KHTML, like Gecko) Chrome/148.0.0.0 Safari/537.36', '2026-05-26 00:16:12', '2026-05-26 00:16:12'),
(159, 5, 'login', 'usuarios', 'Inicio de sesión exitoso — ID: 5', '127.0.0.1', 'Mozilla/5.0 (X11; Linux x86_64) AppleWebKit/537.36 (KHTML, like Gecko) Chrome/148.0.0.0 Safari/537.36', '2026-05-26 00:16:56', '2026-05-26 00:16:56'),
(160, 5, 'Cambio de Estado de Usuario', 'usuarios', 'Se activó al usuario admin', '127.0.0.1', 'Mozilla/5.0 (X11; Linux x86_64) AppleWebKit/537.36 (KHTML, like Gecko) Chrome/148.0.0.0 Safari/537.36', '2026-05-26 00:17:25', '2026-05-26 00:17:25'),
(161, 5, 'login', 'usuarios', 'Inicio de sesión exitoso — ID: 5', '127.0.0.1', 'Mozilla/5.0 (X11; Linux x86_64) AppleWebKit/537.36 (KHTML, like Gecko) Chrome/148.0.0.0 Safari/537.36', '2026-05-26 00:23:12', '2026-05-26 00:23:12'),
(162, NULL, 'login_failed', 'usuarios', 'Credenciales inválidas desde IP: 127.0.0.1 — Intento /3', '127.0.0.1', 'Mozilla/5.0 (X11; Linux x86_64) AppleWebKit/537.36 (KHTML, like Gecko) Chrome/148.0.0.0 Safari/537.36', '2026-05-26 00:23:25', '2026-05-26 00:23:25'),
(163, 5, 'login', 'usuarios', 'Inicio de sesión exitoso — ID: 5', '127.0.0.1', 'Mozilla/5.0 (X11; Linux x86_64) AppleWebKit/537.36 (KHTML, like Gecko) Chrome/148.0.0.0 Safari/537.36', '2026-05-26 00:23:29', '2026-05-26 00:23:29'),
(164, 5, 'login', 'usuarios', 'Inicio de sesión exitoso — ID: 5', '127.0.0.1', 'Mozilla/5.0 (X11; Linux x86_64) AppleWebKit/537.36 (KHTML, like Gecko) Chrome/148.0.0.0 Safari/537.36', '2026-05-26 00:26:13', '2026-05-26 00:26:13'),
(165, 5, 'Cotización Actualizada', 'solicitud', 'Cotización #12 → Rechazado', '127.0.0.1', 'Mozilla/5.0 (X11; Linux x86_64) AppleWebKit/537.36 (KHTML, like Gecko) Chrome/148.0.0.0 Safari/537.36', '2026-05-26 00:26:29', '2026-05-26 00:26:29'),
(166, 5, 'login', 'usuarios', 'Inicio de sesión exitoso — ID: 5', '127.0.0.1', 'Mozilla/5.0 (X11; Linux x86_64) AppleWebKit/537.36 (KHTML, like Gecko) Chrome/148.0.0.0 Safari/537.36', '2026-05-26 10:20:03', '2026-05-26 10:20:03');

INSERT IGNORE INTO `persona` (`id`, `cedula`, `nombre`, `telefono`, `celular`, `correo`, `direccion`, `codigo_postal`, `nacionalidad`, `estado`, `ciudad`, `nacimiento`, `sexo`, `condicion`, `profesion`, `actividad`, `archivo`, `fecha_creacion`) VALUES
(1, 'V12345678', 'Juan Pérez', '021212345674222', '04141234567', 'juan@mail.com', 'Av. Principal 123', NULL, 'Venezolana', 'Distrito Capital', 'Caracas', '1990-05-10', 'Masculino', 'Soltero', 'Ingeniero', 'activo', NULL, '2026-05-21 22:08:44'),
(2, 'V87654321', 'María Gómez', '02129876543', '04149876543', 'maria@mail.com', 'Calle 5', NULL, 'Venezolana', 'Carabobo', 'Valencia', '1988-11-20', 'F', NULL, 'Médico', NULL, NULL, '2026-05-21 22:08:44'),
(3, 'V11223344', 'Carlos Ramírez', '021233344442', '04123334444', 'carlos@mail.com', 'Zona Centro', NULL, 'Venezolana', 'Aragua', 'Maracay', '1995-02-14', 'Masculino', 'Soltera', 'Abogado', NULL, NULL, '2026-05-21 22:08:44');

INSERT IGNORE INTO `poliza` (`id`, `nro_contrato`, `solicitud_id`, `producto_id`, `total`, `total_bs`, `cobertura_dolares`, `cobertura_bs`, `pago`, `tipo`, `asegurado_nombre`, `asegurado_ci`, `snapshot_datos`, `tarifario_version_id`, `fecha_emision`, `fecha_vencimiento`, `papeleria`, `vendedor_id`, `sede_poliza`, `status`, `deleted_at`, `created_by`, `updated_by`) VALUES
(6, 'POL-2026-00006', 3, NULL, 938.22, 494319.41, 25000.00, 13171735.00, 'Transferencia', 'Individual', NULL, NULL, NULL, NULL, '2026-05-24', '2027-05-24', NULL, 5, 'Valencia', 'ACTIVA', NULL, NULL, NULL),
(7, 'POL-2026-00007', 1, 1, 120.00, 4320.00, 0.00, 0.00, 'Transferencia', 'Individual', NULL, NULL, NULL, NULL, '2026-05-24', '2027-05-24', NULL, 5, 'Valencia', 'ACTIVA', NULL, NULL, NULL),
(8, 'POL-2026-00008', 7, 2, 170.30, 89725.86, 15000.00, 7903041.00, 'Transferencia', 'Individual', NULL, NULL, NULL, NULL, '2026-05-25', '2027-05-25', NULL, 5, 'Valencia', 'ACTIVA', NULL, NULL, NULL),
(9, 'POL-2026-00009', 10, 8, 213.80, 112643.18, 15000.00, 7902936.00, 'Transferencia', 'Individual', 'Carlos Ramírez', 'V11223344', '{\"tomador\":{\"nombre\":\"Carlos Ram\\u00edrez\",\"ci\":\"V11223344\"},\"asegurado\":{\"nombre\":\"Carlos Ram\\u00edrez\",\"ci\":\"V11223344\"},\"producto\":{\"id\":8,\"nombre\":\"Accidentes Personales\",\"tipo\":\"accidentes\",\"tipo_calculo\":\"fijo\",\"cobertura\":\"15000.00\"},\"tarifario\":{\"id\":8,\"nombre\":\"Tarifa Est\\u00e1ndar\",\"version\":1,\"datos\":{\"categoria\":\"Est\\u00e1ndar\",\"suma_persona\":15000,\"prima_persona\":180,\"prima_anual\":180}},\"coberturas\":{\"tasaBCV\":526.8624,\"subtotal\":180,\"iva\":28.8,\"derecho_poliza\":5,\"total\":213.8,\"total_bs\":112643.18112000001,\"tipo_calculo\":\"fijo\",\"documentos_requeridos\":[],\"marca\":\"Toyota\",\"modelo\":null,\"a\\u00f1o\":\"2026\",\"color\":null,\"uso\":\"Particular\",\"valor_mercado\":15000,\"valor_declarado\":0,\"tarifa\":{\"id\":8,\"nombre\":\"Tarifa Est\\u00e1ndar\",\"datos\":{\"categoria\":\"Est\\u00e1ndar\",\"suma_persona\":15000,\"prima_persona\":180,\"prima_anual\":180}}},\"tasa_bcv\":526.8624,\"placa\":null,\"fecha_emision\":\"2026-05-25\",\"total_usd\":213.8,\"total_bs\":112643.18}', 8, '2026-05-25', '2027-05-25', NULL, 5, 'Valencia', 'ACTIVA', NULL, 5, 5),
(10, 'POL-2026-00010', 11, 10, 12222371.64, 6439508055.94, 12312311233.00, 6486893845765.30, 'Transferencia', 'Individual', 'Carlos Ramírez', 'V11223344', '{\"tomador\":{\"nombre\":\"Carlos Ram\\u00edrez\",\"ci\":\"V11223344\"},\"asegurado\":{\"nombre\":\"Carlos Ram\\u00edrez\",\"ci\":\"V11223344\"},\"producto\":{\"id\":10,\"nombre\":\"producto prueba\",\"tipo\":\"otro\",\"tipo_calculo\":\"fijo\",\"cobertura\":\"12312311233.00\"},\"tarifario\":{\"id\":13,\"nombre\":\"ORO\",\"version\":1,\"datos\":{\"prima_anual\":129,\"suma_asegurada\":20000,\"deducible\":109222}},\"coberturas\":{\"tasaBCV\":526.8624,\"subtotal\":129,\"iva\":20.64,\"derecho_poliza\":12222222,\"total\":12222371.64,\"total_bs\":6439508055.942336,\"tipo_calculo\":\"fijo\",\"documentos_requeridos\":[{\"nombre\":\"C\\u00e9dula de Identidad\",\"obligatorio\":true},{\"nombre\":\"RIF\",\"obligatorio\":true}],\"marca\":\"Toyota\",\"modelo\":null,\"a\\u00f1o\":\"2026\",\"color\":null,\"uso\":\"Particular\",\"valor_mercado\":15000,\"valor_declarado\":0,\"tarifa\":{\"id\":13,\"nombre\":\"ORO\",\"datos\":{\"prima_anual\":129,\"suma_asegurada\":20000,\"deducible\":109222}}},\"tasa_bcv\":526.8624,\"placa\":null,\"fecha_emision\":\"2026-05-25\",\"total_usd\":12222371.64,\"total_bs\":6439508055.94}', 13, '2026-05-25', '2027-05-25', NULL, 5, 'Valencia', 'ACTIVA', NULL, 5, 5),
(11, 'POL-2026-00011', 13, 2, 290.00, 152790.10, 10000.00, 5268624.00, 'Transferencia', 'Individual', 'Juan Pérez', 'V12345678', '{\"tomador\":{\"nombre\":\"Juan P\\u00e9rez\",\"ci\":\"V12345678\"},\"asegurado\":{\"nombre\":\"Juan P\\u00e9rez\",\"ci\":\"V12345678\"},\"producto\":{\"id\":2,\"nombre\":\"APOV Oro\",\"tipo\":\"apov\",\"tipo_calculo\":\"fijo\",\"cobertura\":\"10000.00\"},\"tarifario\":{\"id\":11,\"nombre\":\"Tarifa APOV Oro\",\"version\":1,\"datos\":{\"categoria\":\"Accidentes Personales\",\"suma_persona\":10000,\"prima_persona\":250,\"prima_anual\":250}},\"coberturas\":{\"tasaBCV\":526.8624,\"subtotal\":250,\"iva\":40,\"derecho_poliza\":0,\"total\":290,\"total_bs\":152790.096,\"tipo_calculo\":\"fijo\",\"documentos_requeridos\":[],\"marca\":\"Toyota\",\"modelo\":\"Corolla\",\"a\\u00f1o\":\"2026\",\"color\":\"Blanco\",\"uso\":\"Particular\",\"valor_mercado\":15000,\"valor_declarado\":0,\"tarifa\":{\"id\":11,\"nombre\":\"Tarifa APOV Oro\",\"datos\":{\"categoria\":\"Accidentes Personales\",\"suma_persona\":10000,\"prima_persona\":250,\"prima_anual\":250}}},\"tasa_bcv\":526.8624,\"placa\":\"MF65HG\",\"fecha_emision\":\"2026-05-26\",\"total_usd\":290,\"total_bs\":152790.1}', 11, '2026-05-26', '2027-05-26', NULL, 5, 'Valencia', 'ACTIVA', NULL, 5, 5);

INSERT IGNORE INTO `producto` (`id`, `codigo`, `nombre`, `tipo`, `categoria`, `tipo_calculo`, `derecho_poliza`, `descripcion`, `cobertura`, `prima`, `moneda`, `documento_path`, `documentos`, `documentos_requeridos`, `deleted_at`, `created_by`, `updated_by`) VALUES
(1, NULL, 'RCV Básico', 'rcv', NULL, 'fijo', 0.00, 'Responsabilidad civil vehicular básica', 5000.00, 120.00, 'USD', NULL, NULL, NULL, NULL, NULL, NULL),
(2, NULL, 'APOV Oro', 'apov', NULL, 'fijo', 0.00, 'Accidentes personales vehículo plan oro', 10000.00, 250.00, 'USD', 'productos/2/documento.pdf', '[{\"nombre\":\"Documento\",\"path\":\"productos\\/2\\/documento.pdf\"}]', NULL, NULL, NULL, NULL),
(3, NULL, 'EC/EP Premium', 'ec', NULL, 'fijo', 0.00, 'Cobertura completa extendida', 20000.00, 400.00, 'USD', NULL, NULL, NULL, NULL, NULL, NULL),
(5, NULL, 'Seguro de Vida Individual', 'vida', 'Vida', 'por_plan', 5.00, 'Cobertura por muerte accidental, invalidez total y gastos de sepelio', 50000.00, 0.00, 'USD', NULL, NULL, NULL, NULL, NULL, NULL),
(6, NULL, 'HCM — Hospitalización y Maternidad', 'salud', 'Salud', 'por_nivel', 5.00, 'Hospitalización, cirugía, maternidad y emergencias médicas', 100000.00, 0.00, 'USD', NULL, NULL, NULL, NULL, NULL, NULL),
(7, NULL, 'Seguro de Hogar', 'hogar', 'Propiedad', 'por_valor', 5.00, 'Protección estructural, contenido e incendio para inmuebles residenciales', 0.00, 0.00, 'USD', NULL, NULL, NULL, NULL, NULL, NULL),
(8, NULL, 'Accidentes Personales', 'accidentes', 'Personal', 'fijo', 5.00, 'Cobertura individual por accidentes sin vínculo a vehículo', 15000.00, 180.00, 'USD', NULL, NULL, NULL, NULL, NULL, NULL),
(9, NULL, 'Póliza de Asistencia Funeraria', 'funeraria', 'Vida', 'fijo', 3.00, 'Asistencia exequial y gastos de sepelio para el titular y su grupo familiar', 3000.00, 120.00, 'USD', NULL, NULL, NULL, NULL, NULL, NULL),
(10, 'PPP', 'producto prueba', 'otro', 'bienes', 'fijo', 12222222.00, 'asdasdsasd', 12312311233.00, 211123.00, 'EUR', NULL, NULL, '[{\"nombre\":\"C\\u00e9dula de Identidad\",\"obligatorio\":true},{\"nombre\":\"RIF\",\"obligatorio\":true}]', NULL, 5, 5);

INSERT IGNORE INTO `sessions` (`id`, `user_id`, `ip_address`, `user_agent`, `payload`, `last_activity`) VALUES
('001K3B8VG2xQN2LZkGPb9O25YwQZVkR854c72R7K', NULL, '127.0.0.1', 'Mozilla/5.0 (X11; Linux x86_64) AppleWebKit/537.36 (KHTML, like Gecko) Chrome/148.0.0.0 Safari/537.36', 'eyJfdG9rZW4iOiJPWXh3WDlOU1JmbU1KcjhWZkc2NEt3blJjZ0tJdHdHMmgzeko5YVpMIiwiX2ZsYXNoIjp7Im9sZCI6W10sIm5ldyI6W119fQ==', 1779543162),
('1bJOyySsK4cGInC2l4542rRGRby1DWB92G5LH5EG', NULL, '127.0.0.1', 'Mozilla/5.0 (X11; Linux x86_64) AppleWebKit/537.36 (KHTML, like Gecko) Chrome/148.0.0.0 Safari/537.36', 'eyJfdG9rZW4iOiJwYmVlSTBLU1NTMHVJdWdUTVE3eGZnNHpDOEpyS2dsTGhOOTc2QzJPIiwiX2ZsYXNoIjp7Im9sZCI6W10sIm5ldyI6W119fQ==', 1779586232),
('2XCsygfQlxx7rW6yLhvBjzGDkLIlqT0SPWdCL18k', NULL, '127.0.0.1', 'Mozilla/5.0 (X11; Linux x86_64) AppleWebKit/537.36 (KHTML, like Gecko) Chrome/148.0.0.0 Safari/537.36', 'eyJfdG9rZW4iOiJucmo2cDQ5RFdyR2pDTk0yTEEzOERGNlJlOVRsT0V3RFhVTFZMZUc2IiwiX2ZsYXNoIjp7Im9sZCI6W10sIm5ldyI6W119fQ==', 1779542822),
('7zXiw9rvTnSpJZrxzXomi59jhOww6pCxrhUargvz', NULL, '127.0.0.1', 'Mozilla/5.0 (X11; Linux x86_64) AppleWebKit/537.36 (KHTML, like Gecko) Chrome/148.0.0.0 Safari/537.36', 'eyJfdG9rZW4iOiJsU2ZkT1h0Q24wTkFDMmJDdlFZZFNYVzRLNjllODhlZmxPR2tLbWFCIiwiX2ZsYXNoIjp7Im9sZCI6W10sIm5ldyI6W119fQ==', 1779543086),
('AfHbpM6zec5CMrydNcNn33uTc6FrgQxxU4jybBv7', NULL, '127.0.0.1', 'Mozilla/5.0 (X11; Linux x86_64) AppleWebKit/537.36 (KHTML, like Gecko) Chrome/148.0.0.0 Safari/537.36', 'eyJfdG9rZW4iOiJHTTh0RVVXcE1sUXRVOE9SaVR6ZDBSWUNyZjNpT3ByU1VKS2VPTXA5IiwiX2ZsYXNoIjp7Im9sZCI6W10sIm5ldyI6W119fQ==', 1779545049),
('dXTJQ9y39BaBclQ7veyrhdFaRYWgHAvWhjrE9CD8', NULL, '127.0.0.1', 'Mozilla/5.0 (X11; Linux x86_64) AppleWebKit/537.36 (KHTML, like Gecko) Chrome/148.0.0.0 Safari/537.36', 'eyJfdG9rZW4iOiIxWWE3Ynhwd3RZVHRnWnAwSllPVDA0YUZDbFgzUTZxTzM5WHhJODg4IiwiX2ZsYXNoIjp7Im9sZCI6W10sIm5ldyI6W119fQ==', 1779723508),
('EprJO12aI6YvI2ZNhN2Y5blmbU8NAi1qAAsNmG1y', NULL, '127.0.0.1', 'Mozilla/5.0 (X11; Linux x86_64) AppleWebKit/537.36 (KHTML, like Gecko) Chrome/148.0.0.0 Safari/537.36', 'eyJfdG9rZW4iOiJ3WUZXVlBYQUF2c0Y2RjhNOERsSHZrMzRvQkpHQm1uU3JHSDRSbGVTIiwiX2ZsYXNoIjp7Im9sZCI6W10sIm5ldyI6W119fQ==', 1779542475),
('FfliTHbYTF3SS5gj8djZeEP5wPW0fWUqNT9h9Z14', NULL, '127.0.0.1', 'Mozilla/5.0 (X11; Linux x86_64) AppleWebKit/537.36 (KHTML, like Gecko) Chrome/148.0.0.0 Safari/537.36', 'eyJfdG9rZW4iOiIxWTlvRnJEMTRVdFZJdFVKdlRYYVhFdWh1aVNXYzRNcUJHNnlZVUh1IiwiX2ZsYXNoIjp7Im9sZCI6W10sIm5ldyI6W119fQ==', 1779547519),
('Fr1FuALnVzzczQWCb58G4lSCWuRSp5EcHRr7FKTj', NULL, '127.0.0.1', 'Mozilla/5.0 (X11; Linux x86_64) AppleWebKit/537.36 (KHTML, like Gecko) Chrome/148.0.0.0 Safari/537.36', 'eyJfdG9rZW4iOiJtQmVaeEVMaTN6azN1VWJWc2NCRU5ja1lwSmg4MGtXb3ZmeUpEM3ZIIiwiX2ZsYXNoIjp7Im9sZCI6W10sIm5ldyI6W119fQ==', 1779627861),
('hM1HFHZxUMjO6j9jkrf1eCeSQfP70xdElPOYY6Sk', NULL, '127.0.0.1', 'Mozilla/5.0 (X11; Linux x86_64) AppleWebKit/537.36 (KHTML, like Gecko) Chrome/148.0.0.0 Safari/537.36', 'eyJfdG9rZW4iOiJhNnE1MEZyWW5Ka1d5SHpVbUNyRHQxalpoYzNRUVN4Rmt4bWVzTDY1IiwiX2ZsYXNoIjp7Im9sZCI6W10sIm5ldyI6W119fQ==', 1779553159),
('I5qb5f0lH4m8fi14DQpF1vgtKHWFQohkQYhEIKyA', NULL, '127.0.0.1', 'Mozilla/5.0 (X11; Linux x86_64) AppleWebKit/537.36 (KHTML, like Gecko) Chrome/148.0.0.0 Safari/537.36', 'eyJfdG9rZW4iOiJJMDM3UEhiWm1RMGlMemh5V0JYZXIzdDNOYmFUd2NPbGZmVlJ1RE1mIiwiX2ZsYXNoIjp7Im9sZCI6W10sIm5ldyI6W119fQ==', 1779758773),
('JzWLGvMDlhYsGLtBvZP9Xrk5Zbt13tBRqpA6RHJM', NULL, '127.0.0.1', 'Mozilla/5.0 (X11; Linux x86_64) AppleWebKit/537.36 (KHTML, like Gecko) Chrome/148.0.0.0 Safari/537.36', 'eyJfdG9rZW4iOiJXeWdlNk9YN3gzTDhpU1hIcVhpUVREM0pVWER3Y2ZPMW9uU2d2aXYxIiwiX2ZsYXNoIjp7Im9sZCI6W10sIm5ldyI6W119fQ==', 1779541928),
('KJaq7UdjFIYkWvkOL0seLrPOtNijZHrTNGv5QUh9', NULL, '127.0.0.1', 'Mozilla/5.0 (X11; Linux x86_64) AppleWebKit/537.36 (KHTML, like Gecko) Chrome/148.0.0.0 Safari/537.36', 'eyJfdG9rZW4iOiJGWVpaaDRkTnU2WGJzSk5sSUI4V1F5b3VUOXhrYWJ3aU5Qc21UcVFIIiwiX2ZsYXNoIjp7Im9sZCI6W10sIm5ldyI6W119fQ==', 1779578172),
('KuhoGiBF20W6J9OLyrIJ4nePV4lGiryKlGTAAOei', NULL, '127.0.0.1', 'Mozilla/5.0 (X11; Linux x86_64) AppleWebKit/537.36 (KHTML, like Gecko) Chrome/148.0.0.0 Safari/537.36', 'eyJfdG9rZW4iOiJsQ3NTcTB6cEc3MmdqT1M5cEtZYk4xWmRtMDdKem8zckRTOUo5Z2FDIiwiX2ZsYXNoIjp7Im9sZCI6W10sIm5ldyI6W119fQ==', 1779547908),
('mgEWatZpCvZZostAyky0LPQjFlmUmFGlVVV1ZRRj', NULL, '127.0.0.1', 'Mozilla/5.0 (X11; Linux x86_64) AppleWebKit/537.36 (KHTML, like Gecko) Chrome/148.0.0.0 Safari/537.36', 'eyJfdG9rZW4iOiJ6eGNTU2pYMmZtOUE2QlNxazd1NDd2eU8yWUVDRmdjaHp5Z0hCZ0l5IiwiX2ZsYXNoIjp7Im9sZCI6W10sIm5ldyI6W119fQ==', 1779541736),
('NonGdkMexn9uS4NzYZjpwlje0XkrTvgGtCXJws3I', NULL, '127.0.0.1', 'Mozilla/5.0 (X11; Linux x86_64) AppleWebKit/537.36 (KHTML, like Gecko) Chrome/148.0.0.0 Safari/537.36', 'eyJfdG9rZW4iOiJkQ2RlTHNwVlI5dDFnVDdyaGV3RmhadjU0YldFeHNlUGRGZjNWekRLIiwiX2ZsYXNoIjp7Im9sZCI6W10sIm5ldyI6W119fQ==', 1779543753),
('nV2egAca3VdBvOpSRPq3Wbni7PJ8hRkPaE52clka', NULL, '127.0.0.1', 'Mozilla/5.0 (X11; Linux x86_64) AppleWebKit/537.36 (KHTML, like Gecko) Chrome/148.0.0.0 Safari/537.36', 'eyJfdG9rZW4iOiJ5dXNkVUh2ZVFtdmFseDVUNmw1dnk5OVFZY0NKR2NVWGpUUXhjYkdEIiwiX2ZsYXNoIjp7Im9sZCI6W10sIm5ldyI6W119fQ==', 1779666673),
('OieUQ0KQswSXKBRpNOBw0UxBBW6xwvkwh0ODltUb', NULL, '127.0.0.1', 'Mozilla/5.0 (X11; Linux x86_64) AppleWebKit/537.36 (KHTML, like Gecko) Chrome/148.0.0.0 Safari/537.36', 'eyJfdG9rZW4iOiIzS3lKUkJwb3piRnVaeGlod0E5NkRaazhTeFdaVVRIaDlsNkM2MlJtIiwiX2ZsYXNoIjp7Im9sZCI6W10sIm5ldyI6W119fQ==', 1779545027),
('RIP12RqxRI5crQshmYr0ynbjPzfyT06EjTM0dHu7', NULL, '127.0.0.1', 'Mozilla/5.0 (X11; Linux x86_64) AppleWebKit/537.36 (KHTML, like Gecko) Chrome/148.0.0.0 Safari/537.36', 'eyJfdG9rZW4iOiJuaUdYdGIxanNtV0VJelF1VWlnakY5UXozdHhwcnNhZE5QeU8yN2xSIiwiX2ZsYXNoIjp7Im9sZCI6W10sIm5ldyI6W119fQ==', 1779740009),
('RVblpt1rKyVzizqtcAfSCRzdVsSOgyoNmRJgdTP5', NULL, '127.0.0.1', 'Mozilla/5.0 (X11; Linux x86_64) AppleWebKit/537.36 (KHTML, like Gecko) Chrome/148.0.0.0 Safari/537.36', 'eyJfdG9rZW4iOiJOWVpoMVpMbjhYTEN0eHpJeUp3cGV6VzhwN0VCT1lFYlEycEpsTlR2IiwiX2ZsYXNoIjp7Im9sZCI6W10sIm5ldyI6W119fQ==', 1779542515),
('sps3hdVxHgCuK7QDbzkuyS6xPHrPNDJDl4AufOCh', NULL, '127.0.0.1', 'Mozilla/5.0 (X11; Linux x86_64) AppleWebKit/537.36 (KHTML, like Gecko) Chrome/148.0.0.0 Safari/537.36', 'eyJfdG9rZW4iOiJIY05aUGhleGZLR3hzZk9HSTJIeGM4Z1UyRkFrVDdMWWdhdm1raFQ0IiwiX2ZsYXNoIjp7Im9sZCI6W10sIm5ldyI6W119fQ==', 1779545159),
('wFqdPWxMvgCI3jeTZVO6AuZO2judOOCbwJkTtMRp', NULL, '127.0.0.1', 'Mozilla/5.0 (X11; Linux x86_64) AppleWebKit/537.36 (KHTML, like Gecko) Chrome/148.0.0.0 Safari/537.36', 'eyJfdG9rZW4iOiJIclpKS2FQWFczZFVFaHFIcEM3MU44c2Rod2h2blVzNG9VbFpKR0FyIiwiX2ZsYXNoIjp7Im9sZCI6W10sIm5ldyI6W119fQ==', 1779543952),
('XoMOZyupDnGNxaj044bPBhFzUnr5RtssQSpGFmkt', NULL, '127.0.0.1', 'Mozilla/5.0 (X11; Linux x86_64) AppleWebKit/537.36 (KHTML, like Gecko) Chrome/148.0.0.0 Safari/537.36', 'eyJfdG9rZW4iOiIwNmgzTzVnNm5qNDcyb3V1ZEJDNGNSMXVlMU5LbEpzOVhDMGg0V1ZqIiwiX2ZsYXNoIjp7Im9sZCI6W10sIm5ldyI6W119fQ==', 1779543066),
('ZaWKdPmG51d60Ht0v4ow3O6L2ufgsFxCdEBOvGHM', NULL, '127.0.0.1', 'Mozilla/5.0 (X11; Linux x86_64) AppleWebKit/537.36 (KHTML, like Gecko) Chrome/148.0.0.0 Safari/537.36', 'eyJfdG9rZW4iOiJ2S09rUnVVQVNUZVo2SGFuVmZiQVNhaGVEb0paRlF1M21hM1o2WkMwIiwiX2ZsYXNoIjp7Im9sZCI6W10sIm5ldyI6W119fQ==', 1779794403);

INSERT IGNORE INTO `solicitud` (`id`, `persona_id`, `bien_asegurado_id`, `fuente`, `producto_id`, `tarifario_id`, `total`, `total_bs`, `suma_cobertura_bs`, `suma_prima_bs`, `fecha_solicitud`, `status`, `vendedor_id`, `coberturas`, `nombre_tomador`, `ci_tomador`, `asegurado_nombre`, `asegurado_ci`, `deleted_at`, `created_by`, `updated_by`) VALUES
(1, 1, NULL, 'interno', 1, NULL, 120.00, 4320.00, 0.00, 0.00, '2026-05-20', 'Emitida', NULL, NULL, NULL, NULL, NULL, NULL, NULL, NULL, NULL),
(3, 1, NULL, 'interno', NULL, NULL, 938.22, 494319.41, 0.00, 0.00, '2026-05-23', 'Emitida', 5, '{\"tasaBCV\":526.8694,\"subtotal\":804.5,\"iva\":128.72,\"derecho_poliza\":5,\"total\":938.22,\"total_bs\":494319.40846800007,\"tipo_vehiculo\":\"particular\",\"marca\":\"Ford\",\"modelo\":\"grdrg\",\"a\\u00f1o\":\"2023\",\"color\":\"rrtr\",\"uso\":\"Particular\",\"valor_mercado\":25000,\"items\":[{\"cod\":\"CASCO-PT\",\"nom\":\"Casco P\\u00e9rdida Total\",\"prima\":450},{\"cod\":\"CASCO-PP\",\"nom\":\"Casco P\\u00e9rdida Parcial\",\"prima\":200},{\"cod\":\"ROBO\",\"nom\":\"Robo y Hurto\",\"prima\":150},{\"cod\":\"RC-OBL\",\"nom\":\"RC Obligatoria\",\"prima\":4.5}]}', 'Juan Pérez', 'V12345678', NULL, NULL, NULL, NULL, NULL),
(5, 1, NULL, 'interno', NULL, NULL, 628.50, 331137.42, 0.00, 0.00, '2026-05-24', 'Rechazado', 5, '{\"tasaBCV\":526.8694,\"subtotal\":537.5,\"iva\":86,\"derecho_poliza\":5,\"total\":628.5,\"total_bs\":331137.4179,\"tipo_vehiculo\":\"comercial\",\"marca\":\"Dodge\",\"modelo\":\"sdasda\",\"a\\u00f1o\":\"2024\",\"color\":\"asdasds\",\"uso\":\"Carga liviana\",\"valor_mercado\":15000,\"items\":[{\"cod\":\"CASCO-PT\",\"nom\":\"Casco P\\u00e9rdida Total\",\"prima\":270},{\"cod\":\"CASCO-PP\",\"nom\":\"Casco P\\u00e9rdida Parcial\",\"prima\":120},{\"cod\":\"ROBO\",\"nom\":\"Robo y Hurto\",\"prima\":90},{\"cod\":\"RC-OBL\",\"nom\":\"RC Obligatoria\",\"prima\":4.5},{\"cod\":\"RCV\",\"nom\":\"RC Voluntaria\",\"prima\":45},{\"cod\":\"ASIST\",\"nom\":\"Asistencia en Carretera\",\"prima\":8}]}', 'Juan Pérez', 'V12345678', NULL, NULL, NULL, NULL, NULL),
(6, 2, NULL, 'interno', NULL, NULL, 309.50, 163066.08, 0.00, 0.00, '2026-05-25', 'Rechazado', 5, '{\"tasaBCV\":526.8694,\"subtotal\":262.5,\"iva\":42,\"derecho_poliza\":5,\"total\":309.5,\"total_bs\":163066.0793,\"tipo_vehiculo\":\"particular\",\"marca\":\"Toyota\",\"modelo\":\"asdsa\",\"a\\u00f1o\":\"2026\",\"color\":null,\"uso\":\"Particular\",\"valor_mercado\":15000,\"items\":[{\"cod\":\"CASCO-PP\",\"nom\":\"Casco P\\u00e9rdida Parcial\",\"prima\":120},{\"cod\":\"ROBO\",\"nom\":\"Robo y Hurto\",\"prima\":90},{\"cod\":\"AP\",\"nom\":\"Acc. Personales\",\"prima\":48},{\"cod\":\"RC-OBL\",\"nom\":\"RC Obligatoria\",\"prima\":4.5}]}', 'María Gómez', 'V87654321', NULL, NULL, NULL, NULL, NULL),
(7, 2, NULL, 'interno', 2, NULL, 170.30, 89725.86, 0.00, 0.00, '2026-05-25', 'Emitida', 5, '{\"tasaBCV\":526.8694,\"subtotal\":142.5,\"iva\":22.8,\"derecho_poliza\":5,\"total\":170.3,\"total_bs\":89725.85882000001,\"tipo_vehiculo\":\"particular\",\"marca\":\"Toyota\",\"modelo\":\"sdfdd\",\"a\\u00f1o\":\"2026\",\"color\":null,\"uso\":\"Particular\",\"valor_mercado\":15000,\"items\":[{\"cod\":\"ROBO\",\"nom\":\"Robo y Hurto\",\"prima\":90},{\"cod\":\"AP\",\"nom\":\"Acc. Personales\",\"prima\":48},{\"cod\":\"RC-OBL\",\"nom\":\"RC Obligatoria\",\"prima\":4.5}]}', 'María Gómez', 'V87654321', NULL, NULL, NULL, NULL, NULL),
(8, 1, NULL, 'interno', 8, 8, 213.80, 112643.18, 0.00, 0.00, '2026-05-25', 'Aprobado', 5, '{\"tasaBCV\":526.8624,\"subtotal\":180,\"iva\":28.8,\"derecho_poliza\":5,\"total\":213.8,\"total_bs\":112643.18112000001,\"tipo_calculo\":\"fijo\",\"documentos_requeridos\":[],\"marca\":\"Toyota\",\"modelo\":null,\"a\\u00f1o\":\"2026\",\"color\":null,\"uso\":\"Particular\",\"valor_mercado\":15000,\"valor_declarado\":0,\"tarifa\":{\"id\":8,\"nombre\":\"Tarifa Est\\u00e1ndar\",\"datos\":{\"categoria\":\"Est\\u00e1ndar\",\"suma_persona\":15000,\"prima_persona\":180,\"prima_anual\":180}}}', 'Juan Pérez', 'V12345678', NULL, NULL, NULL, NULL, NULL),
(9, 2, NULL, 'interno', 2, 11, 290.00, 152790.10, 0.00, 0.00, '2026-05-25', 'Rechazado', 5, '{\"tasaBCV\":526.8624,\"subtotal\":250,\"iva\":40,\"derecho_poliza\":0,\"total\":290,\"total_bs\":152790.096,\"tipo_calculo\":\"fijo\",\"documentos_requeridos\":[],\"marca\":\"Toyota\",\"modelo\":\"asdasd\",\"a\\u00f1o\":\"2026\",\"color\":\"sdasd\",\"uso\":\"Particular\",\"valor_mercado\":15000,\"valor_declarado\":0,\"tarifa\":{\"id\":11,\"nombre\":\"Tarifa APOV Oro\",\"datos\":{\"categoria\":\"Accidentes Personales\",\"suma_persona\":10000,\"prima_persona\":250,\"prima_anual\":250}}}', 'María Gómez', 'V87654321', NULL, NULL, NULL, NULL, NULL),
(10, 3, NULL, 'interno', 8, 8, 213.80, 112643.18, 0.00, 0.00, '2026-05-25', 'Emitida', 5, '{\"tasaBCV\":526.8624,\"subtotal\":180,\"iva\":28.8,\"derecho_poliza\":5,\"total\":213.8,\"total_bs\":112643.18112000001,\"tipo_calculo\":\"fijo\",\"documentos_requeridos\":[],\"marca\":\"Toyota\",\"modelo\":null,\"a\\u00f1o\":\"2026\",\"color\":null,\"uso\":\"Particular\",\"valor_mercado\":15000,\"valor_declarado\":0,\"tarifa\":{\"id\":8,\"nombre\":\"Tarifa Est\\u00e1ndar\",\"datos\":{\"categoria\":\"Est\\u00e1ndar\",\"suma_persona\":15000,\"prima_persona\":180,\"prima_anual\":180}}}', 'Carlos Ramírez', 'V11223344', NULL, NULL, NULL, 5, 5),
(11, 3, NULL, 'interno', 10, 13, 12222371.64, 6439508055.94, 0.00, 0.00, '2026-05-25', 'Emitida', 5, '{\"tasaBCV\":526.8624,\"subtotal\":129,\"iva\":20.64,\"derecho_poliza\":12222222,\"total\":12222371.64,\"total_bs\":6439508055.942336,\"tipo_calculo\":\"fijo\",\"documentos_requeridos\":[{\"nombre\":\"C\\u00e9dula de Identidad\",\"obligatorio\":true},{\"nombre\":\"RIF\",\"obligatorio\":true}],\"marca\":\"Toyota\",\"modelo\":null,\"a\\u00f1o\":\"2026\",\"color\":null,\"uso\":\"Particular\",\"valor_mercado\":15000,\"valor_declarado\":0,\"tarifa\":{\"id\":13,\"nombre\":\"ORO\",\"datos\":{\"prima_anual\":129,\"suma_asegurada\":20000,\"deducible\":109222}}}', 'Carlos Ramírez', 'V11223344', NULL, NULL, NULL, 5, 5),
(12, 1, NULL, 'interno', 10, 13, 12222371.64, 6439508055.94, 0.00, 0.00, '2026-05-26', 'Rechazado', 5, '{\"tasaBCV\":526.8624,\"subtotal\":129,\"iva\":20.64,\"derecho_poliza\":12222222,\"total\":12222371.64,\"total_bs\":6439508055.942336,\"tipo_calculo\":\"fijo\",\"documentos_requeridos\":[{\"nombre\":\"C\\u00e9dula de Identidad\",\"obligatorio\":true},{\"nombre\":\"RIF\",\"obligatorio\":true}],\"marca\":\"Toyota\",\"modelo\":null,\"a\\u00f1o\":\"2026\",\"color\":null,\"uso\":\"Particular\",\"valor_mercado\":15000,\"valor_declarado\":0,\"tarifa\":{\"id\":13,\"nombre\":\"ORO\",\"datos\":{\"prima_anual\":129,\"suma_asegurada\":20000,\"deducible\":109222}}}', 'Juan Pérez', 'V12345678', NULL, NULL, NULL, 5, 5),
(13, 1, NULL, 'interno', 2, 11, 290.00, 152790.10, 0.00, 0.00, '2026-05-26', 'Emitida', 5, '{\"tasaBCV\":526.8624,\"subtotal\":250,\"iva\":40,\"derecho_poliza\":0,\"total\":290,\"total_bs\":152790.096,\"tipo_calculo\":\"fijo\",\"documentos_requeridos\":[],\"marca\":\"Toyota\",\"modelo\":\"Corolla\",\"a\\u00f1o\":\"2026\",\"color\":\"Blanco\",\"uso\":\"Particular\",\"valor_mercado\":15000,\"valor_declarado\":0,\"tarifa\":{\"id\":11,\"nombre\":\"Tarifa APOV Oro\",\"datos\":{\"categoria\":\"Accidentes Personales\",\"suma_persona\":10000,\"prima_persona\":250,\"prima_anual\":250}}}', 'Juan Pérez', 'V12345678', NULL, NULL, NULL, 5, 5);

INSERT IGNORE INTO `tarifario` (`id`, `producto_id`, `nombre`, `subtipo`, `datos`, `activo`, `version`, `vigencia_desde`, `vigencia_hasta`, `parent_id`, `estado`, `creado_por`, `created_at`, `updated_at`) VALUES
(1, 5, 'Plan Básico', 'basico', '{\"muerte_accidental\":{\"suma\":20000,\"prima\":80},\"invalidez_total\":{\"suma\":20000,\"prima\":60},\"gastos_sepelio\":{\"suma\":2000,\"prima\":20}}', 1, 1, '2026-05-25', NULL, NULL, 'vigente', NULL, NULL, NULL),
(2, 5, 'Plan Estándar', 'estandar', '{\"muerte_accidental\":{\"suma\":50000,\"prima\":150},\"invalidez_total\":{\"suma\":50000,\"prima\":120},\"gastos_sepelio\":{\"suma\":3000,\"prima\":30},\"renta_hospitalaria\":{\"suma\":500,\"prima\":40}}', 1, 1, '2026-05-25', NULL, NULL, 'vigente', NULL, NULL, NULL),
(3, 5, 'Plan Premium', 'premium', '{\"muerte_accidental\":{\"suma\":100000,\"prima\":250},\"invalidez_total\":{\"suma\":100000,\"prima\":200},\"enfermedades_graves\":{\"suma\":50000,\"prima\":100},\"gastos_sepelio\":{\"suma\":5000,\"prima\":50},\"renta_hospitalaria\":{\"suma\":1000,\"prima\":70}}', 1, 1, '2026-05-25', NULL, NULL, 'vigente', NULL, NULL, NULL),
(4, 6, 'Nivel I', 'nivel1', '{\"nivel\":\"Nivel I\",\"suma\":30000,\"prima\":800}', 1, 1, '2026-05-25', NULL, NULL, 'vigente', NULL, NULL, NULL),
(5, 6, 'Nivel II', 'nivel2', '{\"nivel\":\"Nivel II\",\"suma\":60000,\"prima\":1300}', 1, 1, '2026-05-25', NULL, NULL, 'vigente', NULL, NULL, NULL),
(6, 6, 'Nivel III', 'nivel3', '{\"nivel\":\"Nivel III\",\"suma\":100000,\"prima\":2000}', 1, 1, '2026-05-25', NULL, NULL, 'vigente', NULL, NULL, NULL),
(7, 7, 'Tarifa General', NULL, '{\"tasa_pct\":0.8}', 1, 1, '2026-05-25', NULL, NULL, 'vigente', NULL, NULL, NULL),
(8, 8, 'Tarifa Estándar', NULL, '{\"categoria\":\"Estándar\",\"suma_persona\":15000,\"prima_persona\":180,\"prima_anual\":180}', 1, 1, '2026-05-25', NULL, NULL, 'vigente', NULL, NULL, NULL),
(9, 9, 'Tarifa Individual', NULL, '{\"categoria\":\"Individual\",\"suma_persona\":3000,\"prima_persona\":120,\"prima_anual\":120}', 1, 1, '2026-05-25', NULL, NULL, 'vigente', NULL, NULL, NULL),
(10, 1, 'Tarifa RCV Básico', NULL, '{\"categoria\":\"Responsabilidad Civil\",\"suma_cosa\":5000,\"prima_cosa\":120,\"prima_anual\":120}', 1, 1, '2026-05-25', NULL, NULL, 'vigente', NULL, NULL, NULL),
(11, 2, 'Tarifa APOV Oro', NULL, '{\"categoria\":\"Accidentes Personales\",\"suma_persona\":10000,\"prima_persona\":250,\"prima_anual\":250}', 1, 1, '2026-05-25', NULL, NULL, 'vigente', NULL, NULL, NULL),
(12, 3, 'Tarifa EC/EP Premium', NULL, '{\"categoria\":\"Cobertura Extendida\",\"suma_cosa\":20000,\"prima_cosa\":400,\"prima_anual\":400}', 1, 1, '2026-05-25', NULL, NULL, 'vigente', NULL, NULL, NULL),
(13, 10, 'ORO', 'media', '{\"prima_anual\":129,\"suma_asegurada\":20000,\"deducible\":109222}', 1, 1, NULL, NULL, NULL, 'vigente', NULL, '2026-05-25 21:39:11', '2026-05-25 21:39:11'),
(14, 10, 'plata', 'basica', '{\"prima_anual\":20992,\"suma_asegurada\":20933,\"deducible\":209990}', 0, 1, NULL, '2026-05-25', NULL, 'archivado', NULL, '2026-05-25 21:40:00', '2026-05-25 21:40:38'),
(15, 10, 'plata', 'basica', '{\"prima_anual\":20992,\"suma_asegurada\":20933,\"deducible\":209990}', 1, 2, '2026-05-25', NULL, 14, 'vigente', 5, '2026-05-25 21:40:38', '2026-05-25 21:40:38');

INSERT IGNORE INTO `underwriting_evaluaciones` (`id`, `solicitud_id`, `evaluador_id`, `tipo`, `resultado`, `score`, `observaciones`, `motivo_rechazo`, `requiere_inspeccion`, `reglas_aplicadas`, `fecha_evaluacion`, `created_at`, `updated_at`) VALUES
(1, 11, 5, 'manual', 'aprobado', 70.00, 'dasdas', NULL, 0, NULL, '2026-05-25 22:41:55', '2026-05-25 21:41:55', '2026-05-25 21:41:55'),
(2, 13, 5, 'manual', 'aprobado', 70.00, 'prueba', NULL, 0, NULL, '2026-05-26 00:48:01', '2026-05-25 23:48:01', '2026-05-25 23:48:01');

INSERT IGNORE INTO `usuarios` (`id`, `nombre`, `email`, `genero`, `cargo`, `nick`, `password`, `api_token`, `token_expira_en`, `token_created_at`, `sede`, `nro_sede`, `tipo`, `permisos`, `activo`, `motivo_bloqueo`, `temp`, `temp_expira_en`, `fecha_creacion`, `created_at`, `updated_at`) VALUES
(4, 'Admin General', NULL, 'M', 'Oficina', 'admin2', '$2y$12$EyuSUPEm4/8zHbnCibpeYumGoUDy5VPGaA8QWOGe7Oefss4LiYbUK', NULL, NULL, NULL, 'Caracas Principal', 1, 'Oficina', NULL, 1, NULL, 0, NULL, '2026-05-12 16:25:05', NULL, NULL),
(5, 'Usuario Name', NULL, 'M', 'Admin', 'dev_admin', '$2y$10$ZQHdbw92qIQN/wHvvqTpVe4n5a9x6LukpAP6Y/PyxOLaV4p.IOX6S', 'f637583a10d74bd42447088aed598cbd0ce2cfbbfe45bb51de8eafceafa469cb0f5412ac08bc4865', '2026-05-27 00:16:40', '2026-05-26 10:20:03', 'Caracas Principal', 1, 'Admin', NULL, 1, NULL, 0, NULL, '2026-05-18 18:09:01', NULL, NULL),
(6, 'Vendedor Uno', NULL, 'M', 'Vendedor Calle', 'vendedor1', '$2y$12$2F/X9TAn0fcR7b/N5bba..5vnnjuqszcI/6ZzGpOp7ZlyyqCtyGwe', NULL, NULL, NULL, 'Caracas Principal', 1, 'Vendedor Calle', NULL, 1, NULL, 0, NULL, '2026-05-21 22:08:44', NULL, NULL),
(7, 'Supervisor', NULL, 'F', 'Oficina', 'super1', '$2y$12$vAOHhjckwgBf8IkyGuNOH.3SgZq.gKxLk2X9VAXkIcRdYwil0a0PG', NULL, NULL, NULL, 'Caracas Principal', 1, 'Oficina', NULL, 1, NULL, 0, NULL, '2026-05-21 22:08:44', NULL, NULL),
(9, 'APOV Premium', NULL, 'F', 'Vendedor Calle', '123213', '$2y$12$/s/nwnTFgdbt5px/LZb7uO6ELH3v2et34zunGYqTt7.RF2DGpRXAe', NULL, NULL, NULL, 'Maracaibo', 1, 'Vendedor Calle', NULL, 1, NULL, 0, NULL, '2026-05-21 23:07:54', NULL, NULL),
(10, 'prueba', NULL, 'F', 'Vendedor Calle', 'dede', '$2y$12$IdM2FMWXoV8DGah/UdTeGee/N4N6g6XyUd.vdWyaIXBMCMSjXvwgS', '65e68bf0d907a0b61b7b2170dd6839c706a14bf0ae70e6783e61462ca8f162a9030e046b3146589b', '2026-05-26 03:13:16', '2026-05-25 18:51:12', 'Valencia', 1, 'Vendedor Calle', '{\"home\":[\"view\"],\"cotizaciones\":[\"view\",\"create\",\"edit\",\"delete\",\"emit\"],\"productos\":[\"view\",\"edit\",\"delete\",\"manage_docs\"],\"usuarios\":[\"view\",\"create\",\"edit\",\"delete\",\"block\",\"perms\",\"change_role\"],\"tasas\":[\"view\",\"delete\"],\"vehiculos\":[\"view\",\"create\"],\"config\":[\"view\"]}', 1, NULL, 0, NULL, '2026-05-21 23:37:48', NULL, NULL);

SET FOREIGN_KEY_CHECKS=1;
